<?xml version="1.0" encoding="UTF-8"?>
<project-private xmlns="http://www.netbeans.org/ns/project-private/1">
    <editor-bookmarks xmlns="http://www.netbeans.org/ns/editor-bookmarks/2" lastBookmarkId="0"/>
    <open-files xmlns="http://www.netbeans.org/ns/projectui-open-files/2">
        <group>
            <file>file:/G:/Daniel/projects%20(G)/Gr.12%20Projects/ICS/Culminating/TheGlateChemicalDatabase/src/gui/SortChemicals.java</file>
            <file>file:/G:/Daniel/projects%20(G)/Gr.12%20Projects/ICS/Culminating/TheGlateChemicalDatabase/src/databaserunner/DatabaseRunner.java</file>
            <file>file:/G:/Daniel/projects%20(G)/Gr.12%20Projects/ICS/Culminating/TheGlateChemicalDatabase/src/gui/FunButton.java</file>
            <file>file:/G:/Daniel/projects%20(G)/Gr.12%20Projects/ICS/Culminating/TheGlateChemicalDatabase/src/databaserunner/BinaryCompound.java</file>
            <file>file:/G:/Daniel/projects%20(G)/Gr.12%20Projects/ICS/Culminating/TheGlateChemicalDatabase/src/gui/StartPage.java</file>
            <file>file:/G:/Daniel/projects%20(G)/Gr.12%20Projects/ICS/Culminating/TheGlateChemicalDatabase/src/gui/EditChemicals.java</file>
            <file>file:/G:/Daniel/projects%20(G)/Gr.12%20Projects/ICS/Culminating/TheGlateChemicalDatabase/src/gui/ListBinaryCompounds.java</file>
            <file>file:/G:/Daniel/projects%20(G)/Gr.12%20Projects/ICS/Culminating/TheGlateChemicalDatabase/src/gui/AddElement.java</file>
            <file>file:/G:/Daniel/projects%20(G)/Gr.12%20Projects/ICS/Culminating/TheGlateChemicalDatabase/src/gui/SimulateReaction.java</file>
            <file>file:/G:/Daniel/projects%20(G)/Gr.12%20Projects/ICS/Culminating/TheGlateChemicalDatabase/src/gui/HomePage.java</file>
            <file>file:/G:/Daniel/projects%20(G)/Gr.12%20Projects/ICS/Culminating/TheGlateChemicalDatabase/src/databaserunner/DatabaseGUI.java</file>
            <file>file:/G:/Daniel/projects%20(G)/Gr.12%20Projects/ICS/Culminating/TheGlateChemicalDatabase/src/gui/ListReactions.java</file>
        </group>
    </open-files>
</project-private>
